{"organisation":"UC_NATSEM","name":"natsem_life_satisfaction_indicators_synthetic_sa2_2016","title":"NATSEM - Life Satisfaction Indicators - Synthetic Estimates SA2 2016","legal":{"attribution":"{datasource.organisationTitle}, ({dataset.attributionYear}): {dataset.title}; accessed from AURIN on {dateOfAccess}.","attributionYear":"2018","clickthrough":false,"copyrightNotice":"&copy; {datasource.organisationTitle} {dataset.copyrightYear}","copyrightYear":"2018","licenceType":"Creative Commons Attribution-NonCommercial 4.0 International (CC BY-NC 4.0)"},"referenceSystemIdentifier":"urn:x-ogc:def:crs:EPSG:4283","geoLevel":"sa2_2016","key":"sa2_code16","keyRegex":null,"availability":"true","geomField":"wkb_geometry","keyword":"wellbeing,Australia,model,health,sa2,indicators,socio economic,synthetic","theme":null,"temporalExtent":{"beginDate":"2016-01-01T00:00:00","endDate":"2016-12-31T00:00:00","selectTime":false},"type":"dataset","_id":"dataset-UC_NATSEM-natsem_life_satisfaction_indicators_synthetic_sa2_2016-sa2_2016","bbox":null,"abstract":"This dataset presents the synthetically modeled indicators relating to the life satisfaction of the population of small regions of Australia based on the 2016 Census and aggregated following the 2016 edition of the Australian Statistical Geography Standard (ASGS). The synthetic indicators are produced by the spatial micro-simulation model (SpatialMSM). The data has been provided by The National Centre for Social and Economic Modelling (NATSEM).<br/><br/>\n\nNATSEM?s spatial microsimulation model uses a technique that takes a survey and reweights it to small area Census data. SpatialMSM18 is the application of the NATSEM Spatial Microsimulation model using the Household, Income and Labour Dynamics in Australia (HILDA) dataset, the ABS Housing Expenditure Survey (for financial stress) and the 2016 Census of Population and Housing at the SA2 level (Tanton et al. 2011). All the indicators from the SpatialMSM model are synthetic, so there is some model error as well as other error from the survey. Therefore, they are not as accurate as the Census data used.<br/><br/>\n\nData in this dataset comes from NATSEM's spatial microsimulation model. Estimates are for subjective life satisfaction based on questions in the HILDA dataset. A full description of the model, and validation, can be found in the accompanying <a href=\"https://apps.aurin.org.au/gate/technicalreports/NATSEM/AURIN%20Trust%20Wellbeing%20Financial%20Stress%20Technical%20Report%20Nov%202018.pdf\" target=\"_blank\">NATSEM Technical Report</a>.<br/><br/>\n\nPlease note: \n<ul>\n<li>AURIN has spatially enabled the original data provided directly from NATSEM.</li>\n<li>Where data values are NULL, the data is either unpublished or not applicable mathematically.</li>\n<li>The treatment of Not Stated and Overseas Visitor data is to exclude them from both the numerator and the denominator.</li>\n</ul>\n","selectedAttributes":[{"name":"sa2_code16","type":"String","title":"SA2 Code","description":"SA2 Code.","isDimension":false},{"name":"_life_satisfaction_60_synth","type":"Integer","title":"Number of people with life satisfaction at 60 (PLOSAT=6)","description":"Number of people with life satisfaction at 60 (PLOSAT=6)","isDimension":false},{"name":"_life_satisfaction_70_synth","type":"Integer","title":"Number of people with life satisfaction at 70 (PLOSAT=7)","description":"Number of people with life satisfaction at 70 (PLOSAT=7)","isDimension":false},{"name":"_life_satisfaction_80_synth","type":"Integer","title":"Number of people with life satisfaction at 80 (PLOSAT=8)","description":"Number of people with life satisfaction at 80 (PLOSAT=8)","isDimension":false},{"name":"_life_satisfaction_90_synth","type":"Integer","title":"Number of people with life satisfaction at 90 (PLOSAT=9)","description":"Number of people with life satisfaction at 90 (PLOSAT=9)","isDimension":false},{"name":"_life_satisfaction_100_synth","type":"Integer","title":"Number of people with life satisfaction at 100 (PLOSAT=10)","description":"Number of people with life satisfaction at 100 (PLOSAT=10)","isDimension":false},{"name":"total_pop_synth","type":"Integer","title":"Number of people (estimated by the modelling)","description":"Number of people (estimated by the modelling)","isDimension":false},{"name":"sa2_name16","type":"String","title":"SA2 Name","description":"SA2 Name.","isDimension":false}],"filter":{"filterType":"tabular","feature":{"key":"sa2_code16","geoLevel":"sa2_2016","geoField":"ignored","year":"2006","featureBbox":[144.33363404800002,-38.50298801599996,145.8784120140001,-37.17509899299995],"featureType":"gccsa_2016","featureInstance":"2GMEL","featureName":"Greater Melbourne","referenceSystemIdentifier":"urn:x-ogc:def:crs:EPSG:4283","prefix":"","keyTransform":null},"states":["2"]}}