{"type":"FeatureCollection","bbox":[0.0,0.0,-1.0,-1.0],"features":[{"type":"Feature","properties":{"pov_rt_exc_hc_syn":17.4,"sa2_name16":"Cranbourne North","inc_median_syn":1683.56,"sa2_code16":"212031302"},"id":"natsem_social_indicators_estimates_sa2_2016.212031302"},{"type":"Feature","properties":{"pov_rt_exc_hc_syn":10.7,"sa2_name16":"Cranbourne South","inc_median_syn":1934.24,"sa2_code16":"212031303"},"id":"natsem_social_indicators_estimates_sa2_2016.212031303"},{"type":"Feature","properties":{"pov_rt_exc_hc_syn":17.8,"sa2_name16":"Cranbourne West","inc_median_syn":1615.86,"sa2_code16":"212031304"},"id":"natsem_social_indicators_estimates_sa2_2016.212031304"},{"type":"Feature","properties":{"pov_rt_exc_hc_syn":21.8,"sa2_name16":"Hampton Park - Lynbrook","inc_median_syn":1444.52,"sa2_code16":"212031305"},"id":"natsem_social_indicators_estimates_sa2_2016.212031305"},{"type":"Feature","properties":{"pov_rt_exc_hc_syn":14.5,"sa2_name16":"Altona Meadows","inc_median_syn":1526.51,"sa2_code16":"213021342"},"id":"natsem_social_indicators_estimates_sa2_2016.213021342"},{"type":"Feature","properties":{"pov_rt_exc_hc_syn":10.5,"sa2_name16":"Prahran - Windsor","inc_median_syn":1890.47,"sa2_code16":"206061136"},"id":"natsem_social_indicators_estimates_sa2_2016.206061136"},{"type":"Feature","properties":{"pov_rt_exc_hc_syn":19.1,"sa2_name16":"Collingwood","inc_median_syn":1626.49,"sa2_code16":"206071141"},"id":"natsem_social_indicators_estimates_sa2_2016.206071141"},{"type":"Feature","properties":{"pov_rt_exc_hc_syn":16.6,"sa2_name16":"Hadfield","inc_median_syn":1353.8,"sa2_code16":"210031440"},"id":"natsem_social_indicators_estimates_sa2_2016.210031440"},{"type":"Feature","properties":{"pov_rt_exc_hc_syn":11.3,"sa2_name16":"Sunbury","inc_median_syn":1813.93,"sa2_code16":"210041240"},"id":"natsem_social_indicators_estimates_sa2_2016.210041240"},{"type":"Feature","properties":{"pov_rt_exc_hc_syn":12.0,"sa2_name16":"Sunbury - South","inc_median_syn":1682.86,"sa2_code16":"210041241"},"id":"natsem_social_indicators_estimates_sa2_2016.210041241"},{"type":"Feature","properties":{"pov_rt_exc_hc_syn":18.5,"sa2_name16":"Fitzroy","inc_median_syn":1667.77,"sa2_code16":"206071142"},"id":"natsem_social_indicators_estimates_sa2_2016.206071142"},{"type":"Feature","properties":{"pov_rt_exc_hc_syn":13.4,"sa2_name16":"Hughesdale","inc_median_syn":1813.93,"sa2_code16":"208021180"},"id":"natsem_social_indicators_estimates_sa2_2016.208021180"},{"type":"Feature","properties":{"pov_rt_exc_hc_syn":13.8,"sa2_name16":"Point Cook - South","inc_median_syn":1888.75,"sa2_code16":"213051466"},"id":"natsem_social_indicators_estimates_sa2_2016.213051466"},{"type":"Feature","properties":{"pov_rt_exc_hc_syn":12.5,"sa2_name16":"Blackburn South","inc_median_syn":1806.69,"sa2_code16":"207031162"},"id":"natsem_social_indicators_estimates_sa2_2016.207031162"},{"type":"Feature","properties":{"pov_rt_exc_hc_syn":9.1,"sa2_name16":"Surrey Hills (East) - Mont Albe","inc_median_syn":2317.93,"sa2_code16":"207031167"},"id":"natsem_social_indicators_estimates_sa2_2016.207031167"},{"type":"Feature","properties":{"pov_rt_exc_hc_syn":8.4,"sa2_name16":"Brighton East","inc_median_syn":2391.19,"sa2_code16":"208011170"},"id":"natsem_social_indicators_estimates_sa2_2016.208011170"},{"type":"Feature","properties":{"pov_rt_exc_hc_syn":10.2,"sa2_name16":"Cheltenham - Highett (West)","inc_median_syn":1965.42,"sa2_code16":"208011171"},"id":"natsem_social_indicators_estimates_sa2_2016.208011171"},{"type":"Feature","properties":{"pov_rt_exc_hc_syn":9.9,"sa2_name16":"Hampton","inc_median_syn":2311.94,"sa2_code16":"208011172"},"id":"natsem_social_indicators_estimates_sa2_2016.208011172"},{"type":"Feature","properties":{"pov_rt_exc_hc_syn":13.1,"sa2_name16":"Brunswick","inc_median_syn":1806.69,"sa2_code16":"206011105"},"id":"natsem_social_indicators_estimates_sa2_2016.206011105"},{"type":"Feature","properties":{"pov_rt_exc_hc_syn":12.6,"sa2_name16":"Brunswick East","inc_median_syn":1741.09,"sa2_code16":"206011106"},"id":"natsem_social_indicators_estimates_sa2_2016.206011106"},{"type":"Feature","properties":{"pov_rt_exc_hc_syn":9.6,"sa2_name16":"Pascoe Vale South","inc_median_syn":1953.1,"sa2_code16":"206011109"},"id":"natsem_social_indicators_estimates_sa2_2016.206011109"},{"type":"Feature","properties":{"pov_rt_exc_hc_syn":15.3,"sa2_name16":"Docklands","inc_median_syn":1843.3,"sa2_code16":"206041118"},"id":"natsem_social_indicators_estimates_sa2_2016.206041118"},{"type":"Feature","properties":{"pov_rt_exc_hc_syn":7.1,"sa2_name16":"East Melbourne","inc_median_syn":2339.8,"sa2_code16":"206041119"},"id":"natsem_social_indicators_estimates_sa2_2016.206041119"},{"type":"Feature","properties":{"pov_rt_exc_hc_syn":null,"sa2_name16":"Flemington Racecourse","inc_median_syn":null,"sa2_code16":"206041120"},"id":"natsem_social_indicators_estimates_sa2_2016.206041120"},{"type":"Feature","properties":{"pov_rt_exc_hc_syn":9.9,"sa2_name16":"South Yarra - West","inc_median_syn":2011.22,"sa2_code16":"206041125"},"id":"natsem_social_indicators_estimates_sa2_2016.206041125"},{"type":"Feature","properties":{"pov_rt_exc_hc_syn":11.6,"sa2_name16":"Bentleigh East (South)","inc_median_syn":1843.97,"sa2_code16":"208021427"},"id":"natsem_social_indicators_estimates_sa2_2016.208021427"},{"type":"Feature","properties":{"pov_rt_exc_hc_syn":11.7,"sa2_name16":"Bentleigh - McKinnon","inc_median_syn":2053.65,"sa2_code16":"208021174"},"id":"natsem_social_indicators_estimates_sa2_2016.208021174"},{"type":"Feature","properties":{"pov_rt_exc_hc_syn":9.6,"sa2_name16":"Aspendale Gardens - Waterways","inc_median_syn":2114.42,"sa2_code16":"208031183"},"id":"natsem_social_indicators_estimates_sa2_2016.208031183"},{"type":"Feature","properties":{"pov_rt_exc_hc_syn":11.7,"sa2_name16":"Murrumbeena","inc_median_syn":1857.67,"sa2_code16":"208021181"},"id":"natsem_social_indicators_estimates_sa2_2016.208021181"},{"type":"Feature","properties":{"pov_rt_exc_hc_syn":null,"sa2_name16":"Braeside","inc_median_syn":null,"sa2_code16":"208031184"},"id":"natsem_social_indicators_estimates_sa2_2016.208031184"},{"type":"Feature","properties":{"pov_rt_exc_hc_syn":16.7,"sa2_name16":"Southbank","inc_median_syn":1672.0,"sa2_code16":"206041126"},"id":"natsem_social_indicators_estimates_sa2_2016.206041126"},{"type":"Feature","properties":{"pov_rt_exc_hc_syn":11.3,"sa2_name16":"Chelsea Heights","inc_median_syn":1725.22,"sa2_code16":"208031187"},"id":"natsem_social_indicators_estimates_sa2_2016.208031187"},{"type":"Feature","properties":{"pov_rt_exc_hc_syn":14.5,"sa2_name16":"Carnegie","inc_median_syn":1691.0,"sa2_code16":"208021176"},"id":"natsem_social_indicators_estimates_sa2_2016.208021176"},{"type":"Feature","properties":{"pov_rt_exc_hc_syn":13.0,"sa2_name16":"Coburg","inc_median_syn":1773.27,"sa2_code16":"206011108"},"id":"natsem_social_indicators_estimates_sa2_2016.206011108"},{"type":"Feature","properties":{"pov_rt_exc_hc_syn":14.8,"sa2_name16":"Brunswick West","inc_median_syn":1626.49,"sa2_code16":"206011107"},"id":"natsem_social_indicators_estimates_sa2_2016.206011107"},{"type":"Feature","properties":{"pov_rt_exc_hc_syn":9.0,"sa2_name16":"Alphington - Fairfield","inc_median_syn":2060.31,"sa2_code16":"206021110"},"id":"natsem_social_indicators_estimates_sa2_2016.206021110"},{"type":"Feature","properties":{"pov_rt_exc_hc_syn":14.1,"sa2_name16":"Ormond - Glen Huntly","inc_median_syn":1780.9,"sa2_code16":"208021182"},"id":"natsem_social_indicators_estimates_sa2_2016.208021182"},{"type":"Feature","properties":{"pov_rt_exc_hc_syn":9.8,"sa2_name16":"Northcote","inc_median_syn":2072.11,"sa2_code16":"206021111"},"id":"natsem_social_indicators_estimates_sa2_2016.206021111"},{"type":"Feature","properties":{"pov_rt_exc_hc_syn":null,"sa2_name16":"West Melbourne","inc_median_syn":null,"sa2_code16":"206041127"},"id":"natsem_social_indicators_estimates_sa2_2016.206041127"},{"type":"Feature","properties":{"pov_rt_exc_hc_syn":12.8,"sa2_name16":"Thornbury","inc_median_syn":1726.24,"sa2_code16":"206021112"},"id":"natsem_social_indicators_estimates_sa2_2016.206021112"},{"type":"Feature","properties":{"pov_rt_exc_hc_syn":10.3,"sa2_name16":"Port Melbourne","inc_median_syn":2292.17,"sa2_code16":"206051130"},"id":"natsem_social_indicators_estimates_sa2_2016.206051130"},{"type":"Feature","properties":{"pov_rt_exc_hc_syn":14.0,"sa2_name16":"Ascot Vale","inc_median_syn":1896.53,"sa2_code16":"206031113"},"id":"natsem_social_indicators_estimates_sa2_2016.206031113"},{"type":"Feature","properties":{"pov_rt_exc_hc_syn":9.2,"sa2_name16":"Essendon - Aberfeldie","inc_median_syn":2011.22,"sa2_code16":"206031114"},"id":"natsem_social_indicators_estimates_sa2_2016.206031114"},{"type":"Feature","properties":{"pov_rt_exc_hc_syn":24.2,"sa2_name16":"Flemington","inc_median_syn":1324.75,"sa2_code16":"206031115"},"id":"natsem_social_indicators_estimates_sa2_2016.206031115"},{"type":"Feature","properties":{"pov_rt_exc_hc_syn":9.4,"sa2_name16":"Moonee Ponds","inc_median_syn":2041.46,"sa2_code16":"206031116"},"id":"natsem_social_indicators_estimates_sa2_2016.206031116"},{"type":"Feature","properties":{"pov_rt_exc_hc_syn":null,"sa2_name16":"Carlton","inc_median_syn":null,"sa2_code16":"206041117"},"id":"natsem_social_indicators_estimates_sa2_2016.206041117"},{"type":"Feature","properties":{"pov_rt_exc_hc_syn":12.9,"sa2_name16":"Kensington (Vic.)","inc_median_syn":1890.47,"sa2_code16":"206041121"},"id":"natsem_social_indicators_estimates_sa2_2016.206041121"},{"type":"Feature","properties":{"pov_rt_exc_hc_syn":null,"sa2_name16":"Melbourne","inc_median_syn":null,"sa2_code16":"206041122"},"id":"natsem_social_indicators_estimates_sa2_2016.206041122"},{"type":"Feature","properties":{"pov_rt_exc_hc_syn":11.1,"sa2_name16":"Armadale","inc_median_syn":2111.96,"sa2_code16":"206061135"},"id":"natsem_social_indicators_estimates_sa2_2016.206061135"},{"type":"Feature","properties":{"pov_rt_exc_hc_syn":24.1,"sa2_name16":"North Melbourne","inc_median_syn":1454.5,"sa2_code16":"206041123"},"id":"natsem_social_indicators_estimates_sa2_2016.206041123"},{"type":"Feature","properties":{"pov_rt_exc_hc_syn":18.4,"sa2_name16":"Parkville","inc_median_syn":1613.03,"sa2_code16":"206041124"},"id":"natsem_social_indicators_estimates_sa2_2016.206041124"},{"type":"Feature","properties":{"pov_rt_exc_hc_syn":9.0,"sa2_name16":"Albert Park","inc_median_syn":2342.95,"sa2_code16":"206051128"},"id":"natsem_social_indicators_estimates_sa2_2016.206051128"},{"type":"Feature","properties":{"pov_rt_exc_hc_syn":9.6,"sa2_name16":"Elwood","inc_median_syn":2000.96,"sa2_code16":"206051129"},"id":"natsem_social_indicators_estimates_sa2_2016.206051129"},{"type":"Feature","properties":{"pov_rt_exc_hc_syn":null,"sa2_name16":"Port Melbourne Industrial","inc_median_syn":null,"sa2_code16":"206051131"},"id":"natsem_social_indicators_estimates_sa2_2016.206051131"},{"type":"Feature","properties":{"pov_rt_exc_hc_syn":14.3,"sa2_name16":"South Melbourne","inc_median_syn":1964.03,"sa2_code16":"206051132"},"id":"natsem_social_indicators_estimates_sa2_2016.206051132"},{"type":"Feature","properties":{"pov_rt_exc_hc_syn":13.0,"sa2_name16":"St Kilda","inc_median_syn":1597.49,"sa2_code16":"206051133"},"id":"natsem_social_indicators_estimates_sa2_2016.206051133"},{"type":"Feature","properties":{"pov_rt_exc_hc_syn":11.3,"sa2_name16":"St Kilda East","inc_median_syn":1691.0,"sa2_code16":"206051134"},"id":"natsem_social_indicators_estimates_sa2_2016.206051134"},{"type":"Feature","properties":{"pov_rt_exc_hc_syn":14.8,"sa2_name16":"South Yarra - East","inc_median_syn":1701.98,"sa2_code16":"206061137"},"id":"natsem_social_indicators_estimates_sa2_2016.206061137"},{"type":"Feature","properties":{"pov_rt_exc_hc_syn":10.6,"sa2_name16":"Toorak","inc_median_syn":2427.55,"sa2_code16":"206061138"},"id":"natsem_social_indicators_estimates_sa2_2016.206061138"},{"type":"Feature","properties":{"pov_rt_exc_hc_syn":11.1,"sa2_name16":"Abbotsford","inc_median_syn":1997.98,"sa2_code16":"206071139"},"id":"natsem_social_indicators_estimates_sa2_2016.206071139"},{"type":"Feature","properties":{"pov_rt_exc_hc_syn":10.3,"sa2_name16":"Carlton North - Princes Hill","inc_median_syn":2053.65,"sa2_code16":"206071140"},"id":"natsem_social_indicators_estimates_sa2_2016.206071140"},{"type":"Feature","properties":{"pov_rt_exc_hc_syn":12.2,"sa2_name16":"Fitzroy North","inc_median_syn":2079.12,"sa2_code16":"206071143"},"id":"natsem_social_indicators_estimates_sa2_2016.206071143"},{"type":"Feature","properties":{"pov_rt_exc_hc_syn":12.4,"sa2_name16":"Richmond (Vic.)","inc_median_syn":2001.5,"sa2_code16":"206071144"},"id":"natsem_social_indicators_estimates_sa2_2016.206071144"},{"type":"Feature","properties":{"pov_rt_exc_hc_syn":7.5,"sa2_name16":"Yarra - North","inc_median_syn":2327.61,"sa2_code16":"206071145"},"id":"natsem_social_indicators_estimates_sa2_2016.206071145"},{"type":"Feature","properties":{"pov_rt_exc_hc_syn":8.6,"sa2_name16":"Ashburton (Vic.)","inc_median_syn":2393.89,"sa2_code16":"207011146"},"id":"natsem_social_indicators_estimates_sa2_2016.207011146"},{"type":"Feature","properties":{"pov_rt_exc_hc_syn":13.5,"sa2_name16":"Balwyn","inc_median_syn":2053.65,"sa2_code16":"207011147"},"id":"natsem_social_indicators_estimates_sa2_2016.207011147"},{"type":"Feature","properties":{"pov_rt_exc_hc_syn":9.3,"sa2_name16":"Camberwell","inc_median_syn":2419.5,"sa2_code16":"207011149"},"id":"natsem_social_indicators_estimates_sa2_2016.207011149"},{"type":"Feature","properties":{"pov_rt_exc_hc_syn":13.5,"sa2_name16":"Balwyn North","inc_median_syn":2204.03,"sa2_code16":"207011148"},"id":"natsem_social_indicators_estimates_sa2_2016.207011148"},{"type":"Feature","properties":{"pov_rt_exc_hc_syn":10.1,"sa2_name16":"Kew","inc_median_syn":2350.68,"sa2_code16":"207011153"},"id":"natsem_social_indicators_estimates_sa2_2016.207011153"},{"type":"Feature","properties":{"pov_rt_exc_hc_syn":7.7,"sa2_name16":"Glen Iris - East","inc_median_syn":2600.55,"sa2_code16":"207011150"},"id":"natsem_social_indicators_estimates_sa2_2016.207011150"},{"type":"Feature","properties":{"pov_rt_exc_hc_syn":12.6,"sa2_name16":"Hawthorn","inc_median_syn":2017.13,"sa2_code16":"207011151"},"id":"natsem_social_indicators_estimates_sa2_2016.207011151"},{"type":"Feature","properties":{"pov_rt_exc_hc_syn":11.3,"sa2_name16":"Hawthorn East","inc_median_syn":2146.82,"sa2_code16":"207011152"},"id":"natsem_social_indicators_estimates_sa2_2016.207011152"},{"type":"Feature","properties":{"pov_rt_exc_hc_syn":10.9,"sa2_name16":"Kew East","inc_median_syn":2280.38,"sa2_code16":"207011154"},"id":"natsem_social_indicators_estimates_sa2_2016.207011154"},{"type":"Feature","properties":{"pov_rt_exc_hc_syn":8.8,"sa2_name16":"Surrey Hills (West) - Canterbur","inc_median_syn":2600.55,"sa2_code16":"207011155"},"id":"natsem_social_indicators_estimates_sa2_2016.207011155"},{"type":"Feature","properties":{"pov_rt_exc_hc_syn":10.5,"sa2_name16":"Bulleen","inc_median_syn":1801.56,"sa2_code16":"207021156"},"id":"natsem_social_indicators_estimates_sa2_2016.207021156"},{"type":"Feature","properties":{"pov_rt_exc_hc_syn":16.7,"sa2_name16":"Doncaster","inc_median_syn":1577.85,"sa2_code16":"207021157"},"id":"natsem_social_indicators_estimates_sa2_2016.207021157"},{"type":"Feature","properties":{"pov_rt_exc_hc_syn":12.5,"sa2_name16":"Templestowe","inc_median_syn":2056.25,"sa2_code16":"207021159"},"id":"natsem_social_indicators_estimates_sa2_2016.207021159"},{"type":"Feature","properties":{"pov_rt_exc_hc_syn":11.9,"sa2_name16":"Templestowe Lower","inc_median_syn":1806.69,"sa2_code16":"207021160"},"id":"natsem_social_indicators_estimates_sa2_2016.207021160"},{"type":"Feature","properties":{"pov_rt_exc_hc_syn":14.6,"sa2_name16":"Doncaster East (North)","inc_median_syn":1869.46,"sa2_code16":"207021424"},"id":"natsem_social_indicators_estimates_sa2_2016.207021424"},{"type":"Feature","properties":{"pov_rt_exc_hc_syn":19.2,"sa2_name16":"Doncaster East (South)","inc_median_syn":1515.34,"sa2_code16":"207021425"},"id":"natsem_social_indicators_estimates_sa2_2016.207021425"},{"type":"Feature","properties":{"pov_rt_exc_hc_syn":11.3,"sa2_name16":"Blackburn","inc_median_syn":1866.29,"sa2_code16":"207031161"},"id":"natsem_social_indicators_estimates_sa2_2016.207031161"},{"type":"Feature","properties":{"pov_rt_exc_hc_syn":21.5,"sa2_name16":"Box Hill","inc_median_syn":1533.48,"sa2_code16":"207031163"},"id":"natsem_social_indicators_estimates_sa2_2016.207031163"},{"type":"Feature","properties":{"pov_rt_exc_hc_syn":13.5,"sa2_name16":"Caulfield - North","inc_median_syn":2081.24,"sa2_code16":"208021177"},"id":"natsem_social_indicators_estimates_sa2_2016.208021177"},{"type":"Feature","properties":{"pov_rt_exc_hc_syn":14.0,"sa2_name16":"Box Hill North","inc_median_syn":1801.56,"sa2_code16":"207031164"},"id":"natsem_social_indicators_estimates_sa2_2016.207031164"},{"type":"Feature","properties":{"pov_rt_exc_hc_syn":24.2,"sa2_name16":"Burwood","inc_median_syn":1444.52,"sa2_code16":"207031165"},"id":"natsem_social_indicators_estimates_sa2_2016.207031165"},{"type":"Feature","properties":{"pov_rt_exc_hc_syn":14.7,"sa2_name16":"Burwood East","inc_median_syn":1586.25,"sa2_code16":"207031166"},"id":"natsem_social_indicators_estimates_sa2_2016.207031166"},{"type":"Feature","properties":{"pov_rt_exc_hc_syn":12.3,"sa2_name16":"Bentleigh East (North)","inc_median_syn":1912.88,"sa2_code16":"208021426"},"id":"natsem_social_indicators_estimates_sa2_2016.208021426"},{"type":"Feature","properties":{"pov_rt_exc_hc_syn":6.0,"sa2_name16":"Beaumaris","inc_median_syn":2406.97,"sa2_code16":"208011168"},"id":"natsem_social_indicators_estimates_sa2_2016.208011168"},{"type":"Feature","properties":{"pov_rt_exc_hc_syn":10.3,"sa2_name16":"Caulfield - South","inc_median_syn":2179.14,"sa2_code16":"208021178"},"id":"natsem_social_indicators_estimates_sa2_2016.208021178"},{"type":"Feature","properties":{"pov_rt_exc_hc_syn":8.2,"sa2_name16":"Brighton (Vic.)","inc_median_syn":2624.46,"sa2_code16":"208011169"},"id":"natsem_social_indicators_estimates_sa2_2016.208011169"},{"type":"Feature","properties":{"pov_rt_exc_hc_syn":9.0,"sa2_name16":"Elsternwick","inc_median_syn":2125.91,"sa2_code16":"208021179"},"id":"natsem_social_indicators_estimates_sa2_2016.208021179"},{"type":"Feature","properties":{"pov_rt_exc_hc_syn":7.2,"sa2_name16":"Sandringham - Black Rock","inc_median_syn":2350.68,"sa2_code16":"208011173"},"id":"natsem_social_indicators_estimates_sa2_2016.208011173"},{"type":"Feature","properties":{"pov_rt_exc_hc_syn":11.8,"sa2_name16":"Carrum - Patterson Lakes","inc_median_syn":1764.77,"sa2_code16":"208031185"},"id":"natsem_social_indicators_estimates_sa2_2016.208031185"},{"type":"Feature","properties":{"pov_rt_exc_hc_syn":12.3,"sa2_name16":"Chelsea - Bonbeach","inc_median_syn":1556.21,"sa2_code16":"208031186"},"id":"natsem_social_indicators_estimates_sa2_2016.208031186"},{"type":"Feature","properties":{"pov_rt_exc_hc_syn":12.1,"sa2_name16":"Cheltenham - Highett (East)","inc_median_syn":1683.73,"sa2_code16":"208031188"},"id":"natsem_social_indicators_estimates_sa2_2016.208031188"},{"type":"Feature","properties":{"pov_rt_exc_hc_syn":11.6,"sa2_name16":"Mentone","inc_median_syn":1777.36,"sa2_code16":"208031190"},"id":"natsem_social_indicators_estimates_sa2_2016.208031190"},{"type":"Feature","properties":{"pov_rt_exc_hc_syn":8.7,"sa2_name16":"Edithvale - Aspendale","inc_median_syn":1883.77,"sa2_code16":"208031189"},"id":"natsem_social_indicators_estimates_sa2_2016.208031189"},{"type":"Feature","properties":{"pov_rt_exc_hc_syn":14.3,"sa2_name16":"Bundoora - East","inc_median_syn":1551.5,"sa2_code16":"209011196"},"id":"natsem_social_indicators_estimates_sa2_2016.209011196"},{"type":"Feature","properties":{"pov_rt_exc_hc_syn":13.9,"sa2_name16":"Moorabbin - Heatherton","inc_median_syn":1801.56,"sa2_code16":"208031191"},"id":"natsem_social_indicators_estimates_sa2_2016.208031191"},{"type":"Feature","properties":{"pov_rt_exc_hc_syn":null,"sa2_name16":"Moorabbin Airport","inc_median_syn":null,"sa2_code16":"208031192"},"id":"natsem_social_indicators_estimates_sa2_2016.208031192"},{"type":"Feature","properties":{"pov_rt_exc_hc_syn":9.2,"sa2_name16":"Greensborough","inc_median_syn":1843.3,"sa2_code16":"209011197"},"id":"natsem_social_indicators_estimates_sa2_2016.209011197"},{"type":"Feature","properties":{"pov_rt_exc_hc_syn":11.6,"sa2_name16":"Watsonia","inc_median_syn":1683.56,"sa2_code16":"209011204"},"id":"natsem_social_indicators_estimates_sa2_2016.209011204"},{"type":"Feature","properties":{"pov_rt_exc_hc_syn":9.7,"sa2_name16":"Mordialloc - Parkdale","inc_median_syn":1883.77,"sa2_code16":"208031193"},"id":"natsem_social_indicators_estimates_sa2_2016.208031193"},{"type":"Feature","properties":{"pov_rt_exc_hc_syn":19.3,"sa2_name16":"Kingsbury","inc_median_syn":1672.39,"sa2_code16":"209021205"},"id":"natsem_social_indicators_estimates_sa2_2016.209021205"},{"type":"Feature","properties":{"pov_rt_exc_hc_syn":19.9,"sa2_name16":"Reservoir - East","inc_median_syn":1330.06,"sa2_code16":"209021207"},"id":"natsem_social_indicators_estimates_sa2_2016.209021207"},{"type":"Feature","properties":{"pov_rt_exc_hc_syn":16.3,"sa2_name16":"Reservoir - West","inc_median_syn":1433.63,"sa2_code16":"209021208"},"id":"natsem_social_indicators_estimates_sa2_2016.209021208"},{"type":"Feature","properties":{"pov_rt_exc_hc_syn":null,"sa2_name16":"Essendon Airport","inc_median_syn":null,"sa2_code16":"210011227"},"id":"natsem_social_indicators_estimates_sa2_2016.210011227"},{"type":"Feature","properties":{"pov_rt_exc_hc_syn":9.0,"sa2_name16":"Malvern - Glen Iris","inc_median_syn":2298.43,"sa2_code16":"208041194"},"id":"natsem_social_indicators_estimates_sa2_2016.208041194"},{"type":"Feature","properties":{"pov_rt_exc_hc_syn":13.0,"sa2_name16":"Preston - West","inc_median_syn":1716.88,"sa2_code16":"209021429"},"id":"natsem_social_indicators_estimates_sa2_2016.209021429"},{"type":"Feature","properties":{"pov_rt_exc_hc_syn":11.9,"sa2_name16":"Malvern East","inc_median_syn":2280.38,"sa2_code16":"208041195"},"id":"natsem_social_indicators_estimates_sa2_2016.208041195"},{"type":"Feature","properties":{"pov_rt_exc_hc_syn":7.8,"sa2_name16":"Eltham","inc_median_syn":2192.21,"sa2_code16":"209031209"},"id":"natsem_social_indicators_estimates_sa2_2016.209031209"},{"type":"Feature","properties":{"pov_rt_exc_hc_syn":9.3,"sa2_name16":"Hurstbridge","inc_median_syn":1904.88,"sa2_code16":"209031210"},"id":"natsem_social_indicators_estimates_sa2_2016.209031210"},{"type":"Feature","properties":{"pov_rt_exc_hc_syn":14.6,"sa2_name16":"Kinglake","inc_median_syn":1653.2,"sa2_code16":"209031211"},"id":"natsem_social_indicators_estimates_sa2_2016.209031211"},{"type":"Feature","properties":{"pov_rt_exc_hc_syn":11.9,"sa2_name16":"Panton Hill - St Andrews","inc_median_syn":2036.86,"sa2_code16":"209031212"},"id":"natsem_social_indicators_estimates_sa2_2016.209031212"},{"type":"Feature","properties":{"pov_rt_exc_hc_syn":8.0,"sa2_name16":"Plenty - Yarrambat","inc_median_syn":2257.12,"sa2_code16":"209031213"},"id":"natsem_social_indicators_estimates_sa2_2016.209031213"},{"type":"Feature","properties":{"pov_rt_exc_hc_syn":7.1,"sa2_name16":"Research - North Warrandyte","inc_median_syn":2326.77,"sa2_code16":"209031214"},"id":"natsem_social_indicators_estimates_sa2_2016.209031214"},{"type":"Feature","properties":{"pov_rt_exc_hc_syn":8.9,"sa2_name16":"Heidelberg - Rosanna","inc_median_syn":1866.85,"sa2_code16":"209011198"},"id":"natsem_social_indicators_estimates_sa2_2016.209011198"},{"type":"Feature","properties":{"pov_rt_exc_hc_syn":16.5,"sa2_name16":"Bundoora - West","inc_median_syn":1391.33,"sa2_code16":"209041217"},"id":"natsem_social_indicators_estimates_sa2_2016.209041217"},{"type":"Feature","properties":{"pov_rt_exc_hc_syn":22.0,"sa2_name16":"Lalor","inc_median_syn":1313.9,"sa2_code16":"209041219"},"id":"natsem_social_indicators_estimates_sa2_2016.209041219"},{"type":"Feature","properties":{"pov_rt_exc_hc_syn":22.3,"sa2_name16":"Heidelberg West","inc_median_syn":1350.65,"sa2_code16":"209011199"},"id":"natsem_social_indicators_estimates_sa2_2016.209011199"},{"type":"Feature","properties":{"pov_rt_exc_hc_syn":9.4,"sa2_name16":"Ivanhoe","inc_median_syn":2179.14,"sa2_code16":"209011200"},"id":"natsem_social_indicators_estimates_sa2_2016.209011200"},{"type":"Feature","properties":{"pov_rt_exc_hc_syn":8.6,"sa2_name16":"Ivanhoe East - Eaglemont","inc_median_syn":2600.55,"sa2_code16":"209011201"},"id":"natsem_social_indicators_estimates_sa2_2016.209011201"},{"type":"Feature","properties":{"pov_rt_exc_hc_syn":8.9,"sa2_name16":"Montmorency - Briar Hill","inc_median_syn":1853.83,"sa2_code16":"209011202"},"id":"natsem_social_indicators_estimates_sa2_2016.209011202"},{"type":"Feature","properties":{"pov_rt_exc_hc_syn":9.4,"sa2_name16":"Viewbank - Yallambie","inc_median_syn":1809.82,"sa2_code16":"209011203"},"id":"natsem_social_indicators_estimates_sa2_2016.209011203"},{"type":"Feature","properties":{"pov_rt_exc_hc_syn":17.9,"sa2_name16":"Preston - East","inc_median_syn":1512.72,"sa2_code16":"209021428"},"id":"natsem_social_indicators_estimates_sa2_2016.209021428"},{"type":"Feature","properties":{"pov_rt_exc_hc_syn":7.8,"sa2_name16":"Wattle Glen - Diamond Creek","inc_median_syn":2111.96,"sa2_code16":"209031215"},"id":"natsem_social_indicators_estimates_sa2_2016.209031215"},{"type":"Feature","properties":{"pov_rt_exc_hc_syn":16.9,"sa2_name16":"Epping - East","inc_median_syn":1583.93,"sa2_code16":"209041431"},"id":"natsem_social_indicators_estimates_sa2_2016.209041431"},{"type":"Feature","properties":{"pov_rt_exc_hc_syn":18.4,"sa2_name16":"Epping - South","inc_median_syn":1381.88,"sa2_code16":"209041432"},"id":"natsem_social_indicators_estimates_sa2_2016.209041432"},{"type":"Feature","properties":{"pov_rt_exc_hc_syn":20.9,"sa2_name16":"Bundoora - North","inc_median_syn":1653.2,"sa2_code16":"209041216"},"id":"natsem_social_indicators_estimates_sa2_2016.209041216"},{"type":"Feature","properties":{"pov_rt_exc_hc_syn":20.9,"sa2_name16":"Epping - West","inc_median_syn":1640.63,"sa2_code16":"209041433"},"id":"natsem_social_indicators_estimates_sa2_2016.209041433"},{"type":"Feature","properties":{"pov_rt_exc_hc_syn":15.6,"sa2_name16":"Mernda","inc_median_syn":1688.25,"sa2_code16":"209041434"},"id":"natsem_social_indicators_estimates_sa2_2016.209041434"},{"type":"Feature","properties":{"pov_rt_exc_hc_syn":13.7,"sa2_name16":"South Morang (North)","inc_median_syn":1838.39,"sa2_code16":"209041435"},"id":"natsem_social_indicators_estimates_sa2_2016.209041435"},{"type":"Feature","properties":{"pov_rt_exc_hc_syn":13.5,"sa2_name16":"Mill Park - North","inc_median_syn":1753.0,"sa2_code16":"209041220"},"id":"natsem_social_indicators_estimates_sa2_2016.209041220"},{"type":"Feature","properties":{"pov_rt_exc_hc_syn":14.9,"sa2_name16":"Mill Park - South","inc_median_syn":1583.93,"sa2_code16":"209041221"},"id":"natsem_social_indicators_estimates_sa2_2016.209041221"},{"type":"Feature","properties":{"pov_rt_exc_hc_syn":10.9,"sa2_name16":"Airport West","inc_median_syn":1556.21,"sa2_code16":"210011226"},"id":"natsem_social_indicators_estimates_sa2_2016.210011226"},{"type":"Feature","properties":{"pov_rt_exc_hc_syn":21.9,"sa2_name16":"Thomastown","inc_median_syn":1252.8,"sa2_code16":"209041223"},"id":"natsem_social_indicators_estimates_sa2_2016.209041223"},{"type":"Feature","properties":{"pov_rt_exc_hc_syn":14.7,"sa2_name16":"Wallan","inc_median_syn":1725.22,"sa2_code16":"209041224"},"id":"natsem_social_indicators_estimates_sa2_2016.209041224"},{"type":"Feature","properties":{"pov_rt_exc_hc_syn":12.6,"sa2_name16":"Whittlesea","inc_median_syn":1721.63,"sa2_code16":"209041225"},"id":"natsem_social_indicators_estimates_sa2_2016.209041225"},{"type":"Feature","properties":{"pov_rt_exc_hc_syn":13.5,"sa2_name16":"Doreen","inc_median_syn":1780.9,"sa2_code16":"209041430"},"id":"natsem_social_indicators_estimates_sa2_2016.209041430"},{"type":"Feature","properties":{"pov_rt_exc_hc_syn":13.2,"sa2_name16":"South Morang (South)","inc_median_syn":1750.74,"sa2_code16":"209041436"},"id":"natsem_social_indicators_estimates_sa2_2016.209041436"},{"type":"Feature","properties":{"pov_rt_exc_hc_syn":20.4,"sa2_name16":"Wollert","inc_median_syn":1689.4,"sa2_code16":"209041437"},"id":"natsem_social_indicators_estimates_sa2_2016.209041437"},{"type":"Feature","properties":{"pov_rt_exc_hc_syn":9.6,"sa2_name16":"Keilor","inc_median_syn":1780.9,"sa2_code16":"210011228"},"id":"natsem_social_indicators_estimates_sa2_2016.210011228"},{"type":"Feature","properties":{"pov_rt_exc_hc_syn":12.2,"sa2_name16":"Keilor East","inc_median_syn":1643.5,"sa2_code16":"210011229"},"id":"natsem_social_indicators_estimates_sa2_2016.210011229"},{"type":"Feature","properties":{"pov_rt_exc_hc_syn":8.8,"sa2_name16":"Niddrie - Essendon West","inc_median_syn":1883.77,"sa2_code16":"210011230"},"id":"natsem_social_indicators_estimates_sa2_2016.210011230"},{"type":"Feature","properties":{"pov_rt_exc_hc_syn":8.1,"sa2_name16":"Strathmore","inc_median_syn":2280.38,"sa2_code16":"210011231"},"id":"natsem_social_indicators_estimates_sa2_2016.210011231"},{"type":"Feature","properties":{"pov_rt_exc_hc_syn":9.1,"sa2_name16":"Gisborne","inc_median_syn":1966.93,"sa2_code16":"210021232"},"id":"natsem_social_indicators_estimates_sa2_2016.210021232"},{"type":"Feature","properties":{"pov_rt_exc_hc_syn":19.3,"sa2_name16":"Cranbourne","inc_median_syn":1419.9,"sa2_code16":"212031300"},"id":"natsem_social_indicators_estimates_sa2_2016.212031300"},{"type":"Feature","properties":{"pov_rt_exc_hc_syn":15.2,"sa2_name16":"Cranbourne East","inc_median_syn":1712.76,"sa2_code16":"212031301"},"id":"natsem_social_indicators_estimates_sa2_2016.212031301"},{"type":"Feature","properties":{"pov_rt_exc_hc_syn":7.9,"sa2_name16":"Macedon","inc_median_syn":2079.12,"sa2_code16":"210021233"},"id":"natsem_social_indicators_estimates_sa2_2016.210021233"},{"type":"Feature","properties":{"pov_rt_exc_hc_syn":7.4,"sa2_name16":"Riddells Creek","inc_median_syn":2025.18,"sa2_code16":"210021234"},"id":"natsem_social_indicators_estimates_sa2_2016.210021234"},{"type":"Feature","properties":{"pov_rt_exc_hc_syn":12.6,"sa2_name16":"Romsey","inc_median_syn":1753.0,"sa2_code16":"210021235"},"id":"natsem_social_indicators_estimates_sa2_2016.210021235"},{"type":"Feature","properties":{"pov_rt_exc_hc_syn":14.1,"sa2_name16":"Coburg North","inc_median_syn":1670.15,"sa2_code16":"210031236"},"id":"natsem_social_indicators_estimates_sa2_2016.210031236"},{"type":"Feature","properties":{"pov_rt_exc_hc_syn":23.7,"sa2_name16":"Fawkner","inc_median_syn":1324.75,"sa2_code16":"210031237"},"id":"natsem_social_indicators_estimates_sa2_2016.210031237"},{"type":"Feature","properties":{"pov_rt_exc_hc_syn":17.9,"sa2_name16":"Glenroy","inc_median_syn":1428.84,"sa2_code16":"210031438"},"id":"natsem_social_indicators_estimates_sa2_2016.210031438"},{"type":"Feature","properties":{"pov_rt_exc_hc_syn":13.0,"sa2_name16":"Pascoe Vale","inc_median_syn":1683.73,"sa2_code16":"210031239"},"id":"natsem_social_indicators_estimates_sa2_2016.210031239"},{"type":"Feature","properties":{"pov_rt_exc_hc_syn":9.7,"sa2_name16":"Gowanbrae","inc_median_syn":1813.93,"sa2_code16":"210031439"},"id":"natsem_social_indicators_estimates_sa2_2016.210031439"},{"type":"Feature","properties":{"pov_rt_exc_hc_syn":33.4,"sa2_name16":"Broadmeadows","inc_median_syn":1109.58,"sa2_code16":"210051242"},"id":"natsem_social_indicators_estimates_sa2_2016.210051242"},{"type":"Feature","properties":{"pov_rt_exc_hc_syn":35.1,"sa2_name16":"Meadow Heights","inc_median_syn":1181.1,"sa2_code16":"210051247"},"id":"natsem_social_indicators_estimates_sa2_2016.210051247"},{"type":"Feature","properties":{"pov_rt_exc_hc_syn":null,"sa2_name16":"Melbourne Airport","inc_median_syn":null,"sa2_code16":"210051248"},"id":"natsem_social_indicators_estimates_sa2_2016.210051248"},{"type":"Feature","properties":{"pov_rt_exc_hc_syn":34.4,"sa2_name16":"Campbellfield - Coolaroo","inc_median_syn":1117.28,"sa2_code16":"210051243"},"id":"natsem_social_indicators_estimates_sa2_2016.210051243"},{"type":"Feature","properties":{"pov_rt_exc_hc_syn":14.1,"sa2_name16":"Gladstone Park - Westmeadows","inc_median_syn":1573.53,"sa2_code16":"210051245"},"id":"natsem_social_indicators_estimates_sa2_2016.210051245"},{"type":"Feature","properties":{"pov_rt_exc_hc_syn":12.7,"sa2_name16":"Greenvale - Bulla","inc_median_syn":1969.92,"sa2_code16":"210051246"},"id":"natsem_social_indicators_estimates_sa2_2016.210051246"},{"type":"Feature","properties":{"pov_rt_exc_hc_syn":11.9,"sa2_name16":"Croydon South","inc_median_syn":1668.1,"sa2_code16":"211031452"},"id":"natsem_social_indicators_estimates_sa2_2016.211031452"},{"type":"Feature","properties":{"pov_rt_exc_hc_syn":28.9,"sa2_name16":"Roxburgh Park - Somerton","inc_median_syn":1428.84,"sa2_code16":"210051249"},"id":"natsem_social_indicators_estimates_sa2_2016.210051249"},{"type":"Feature","properties":{"pov_rt_exc_hc_syn":14.8,"sa2_name16":"Tullamarine","inc_median_syn":1366.26,"sa2_code16":"210051250"},"id":"natsem_social_indicators_estimates_sa2_2016.210051250"},{"type":"Feature","properties":{"pov_rt_exc_hc_syn":19.9,"sa2_name16":"Craigieburn - Central","inc_median_syn":1458.59,"sa2_code16":"210051441"},"id":"natsem_social_indicators_estimates_sa2_2016.210051441"},{"type":"Feature","properties":{"pov_rt_exc_hc_syn":19.6,"sa2_name16":"Craigieburn - North","inc_median_syn":1742.34,"sa2_code16":"210051442"},"id":"natsem_social_indicators_estimates_sa2_2016.210051442"},{"type":"Feature","properties":{"pov_rt_exc_hc_syn":23.1,"sa2_name16":"Craigieburn - West","inc_median_syn":1578.41,"sa2_code16":"210051444"},"id":"natsem_social_indicators_estimates_sa2_2016.210051444"},{"type":"Feature","properties":{"pov_rt_exc_hc_syn":13.1,"sa2_name16":"Mickleham - Yuroke","inc_median_syn":1868.27,"sa2_code16":"210051445"},"id":"natsem_social_indicators_estimates_sa2_2016.210051445"},{"type":"Feature","properties":{"pov_rt_exc_hc_syn":15.0,"sa2_name16":"Bayswater","inc_median_syn":1459.19,"sa2_code16":"211011251"},"id":"natsem_social_indicators_estimates_sa2_2016.211011251"},{"type":"Feature","properties":{"pov_rt_exc_hc_syn":12.6,"sa2_name16":"Knoxfield - Scoresby","inc_median_syn":1753.0,"sa2_code16":"211011254"},"id":"natsem_social_indicators_estimates_sa2_2016.211011254"},{"type":"Feature","properties":{"pov_rt_exc_hc_syn":22.1,"sa2_name16":"Craigieburn - South","inc_median_syn":1556.21,"sa2_code16":"210051443"},"id":"natsem_social_indicators_estimates_sa2_2016.210051443"},{"type":"Feature","properties":{"pov_rt_exc_hc_syn":7.8,"sa2_name16":"Lysterfield","inc_median_syn":2292.17,"sa2_code16":"211011255"},"id":"natsem_social_indicators_estimates_sa2_2016.211011255"},{"type":"Feature","properties":{"pov_rt_exc_hc_syn":11.0,"sa2_name16":"Rowville - North","inc_median_syn":1978.68,"sa2_code16":"211011257"},"id":"natsem_social_indicators_estimates_sa2_2016.211011257"},{"type":"Feature","properties":{"pov_rt_exc_hc_syn":9.5,"sa2_name16":"Rowville - South","inc_median_syn":2060.31,"sa2_code16":"211011258"},"id":"natsem_social_indicators_estimates_sa2_2016.211011258"},{"type":"Feature","properties":{"pov_rt_exc_hc_syn":11.9,"sa2_name16":"Wantirna","inc_median_syn":1751.98,"sa2_code16":"211011259"},"id":"natsem_social_indicators_estimates_sa2_2016.211011259"},{"type":"Feature","properties":{"pov_rt_exc_hc_syn":11.6,"sa2_name16":"Wantirna South","inc_median_syn":1823.54,"sa2_code16":"211011260"},"id":"natsem_social_indicators_estimates_sa2_2016.211011260"},{"type":"Feature","properties":{"pov_rt_exc_hc_syn":11.5,"sa2_name16":"Rowville - Central","inc_median_syn":1856.05,"sa2_code16":"211011256"},"id":"natsem_social_indicators_estimates_sa2_2016.211011256"},{"type":"Feature","properties":{"pov_rt_exc_hc_syn":13.6,"sa2_name16":"Boronia","inc_median_syn":1469.77,"sa2_code16":"211011446"},"id":"natsem_social_indicators_estimates_sa2_2016.211011446"},{"type":"Feature","properties":{"pov_rt_exc_hc_syn":12.1,"sa2_name16":"Ferntree Gully (North)","inc_median_syn":1567.96,"sa2_code16":"211011447"},"id":"natsem_social_indicators_estimates_sa2_2016.211011447"},{"type":"Feature","properties":{"pov_rt_exc_hc_syn":7.6,"sa2_name16":"Croydon Hills - Warranwood","inc_median_syn":2076.64,"sa2_code16":"211031265"},"id":"natsem_social_indicators_estimates_sa2_2016.211031265"},{"type":"Feature","properties":{"pov_rt_exc_hc_syn":15.7,"sa2_name16":"Ringwood","inc_median_syn":1556.21,"sa2_code16":"211031266"},"id":"natsem_social_indicators_estimates_sa2_2016.211031266"},{"type":"Feature","properties":{"pov_rt_exc_hc_syn":11.0,"sa2_name16":"Ferntree Gully (South) - Upper","inc_median_syn":1764.77,"sa2_code16":"211011448"},"id":"natsem_social_indicators_estimates_sa2_2016.211011448"},{"type":"Feature","properties":{"pov_rt_exc_hc_syn":11.1,"sa2_name16":"Ringwood East","inc_median_syn":1776.7,"sa2_code16":"211031267"},"id":"natsem_social_indicators_estimates_sa2_2016.211031267"},{"type":"Feature","properties":{"pov_rt_exc_hc_syn":8.4,"sa2_name16":"Ringwood North","inc_median_syn":2035.47,"sa2_code16":"211031268"},"id":"natsem_social_indicators_estimates_sa2_2016.211031268"},{"type":"Feature","properties":{"pov_rt_exc_hc_syn":9.4,"sa2_name16":"The Basin","inc_median_syn":1801.56,"sa2_code16":"211011449"},"id":"natsem_social_indicators_estimates_sa2_2016.211011449"},{"type":"Feature","properties":{"pov_rt_exc_hc_syn":9.7,"sa2_name16":"Donvale - Park Orchards","inc_median_syn":2167.26,"sa2_code16":"211021261"},"id":"natsem_social_indicators_estimates_sa2_2016.211021261"},{"type":"Feature","properties":{"pov_rt_exc_hc_syn":7.1,"sa2_name16":"Warrandyte - Wonga Park","inc_median_syn":2352.11,"sa2_code16":"211021262"},"id":"natsem_social_indicators_estimates_sa2_2016.211021262"},{"type":"Feature","properties":{"pov_rt_exc_hc_syn":14.7,"sa2_name16":"Croydon - East","inc_median_syn":1469.77,"sa2_code16":"211031450"},"id":"natsem_social_indicators_estimates_sa2_2016.211031450"},{"type":"Feature","properties":{"pov_rt_exc_hc_syn":12.4,"sa2_name16":"Croydon - West","inc_median_syn":1599.44,"sa2_code16":"211031451"},"id":"natsem_social_indicators_estimates_sa2_2016.211031451"},{"type":"Feature","properties":{"pov_rt_exc_hc_syn":11.5,"sa2_name16":"Bayswater North","inc_median_syn":1725.22,"sa2_code16":"211031263"},"id":"natsem_social_indicators_estimates_sa2_2016.211031263"},{"type":"Feature","properties":{"pov_rt_exc_hc_syn":14.0,"sa2_name16":"Forest Hill","inc_median_syn":1635.07,"sa2_code16":"211041269"},"id":"natsem_social_indicators_estimates_sa2_2016.211041269"},{"type":"Feature","properties":{"pov_rt_exc_hc_syn":10.4,"sa2_name16":"Mitcham (Vic.)","inc_median_syn":1806.69,"sa2_code16":"211041270"},"id":"natsem_social_indicators_estimates_sa2_2016.211041270"},{"type":"Feature","properties":{"pov_rt_exc_hc_syn":11.0,"sa2_name16":"Vermont","inc_median_syn":1829.19,"sa2_code16":"211041272"},"id":"natsem_social_indicators_estimates_sa2_2016.211041272"},{"type":"Feature","properties":{"pov_rt_exc_hc_syn":11.5,"sa2_name16":"Vermont South","inc_median_syn":1858.67,"sa2_code16":"211041273"},"id":"natsem_social_indicators_estimates_sa2_2016.211041273"},{"type":"Feature","properties":{"pov_rt_exc_hc_syn":11.8,"sa2_name16":"Nunawading","inc_median_syn":1758.88,"sa2_code16":"211041271"},"id":"natsem_social_indicators_estimates_sa2_2016.211041271"},{"type":"Feature","properties":{"pov_rt_exc_hc_syn":9.6,"sa2_name16":"Belgrave - Selby","inc_median_syn":1841.33,"sa2_code16":"211051274"},"id":"natsem_social_indicators_estimates_sa2_2016.211051274"},{"type":"Feature","properties":{"pov_rt_exc_hc_syn":9.9,"sa2_name16":"Chirnside Park","inc_median_syn":1812.08,"sa2_code16":"211051275"},"id":"natsem_social_indicators_estimates_sa2_2016.211051275"},{"type":"Feature","properties":{"pov_rt_exc_hc_syn":12.5,"sa2_name16":"Healesville - Yarra Glen","inc_median_syn":1496.65,"sa2_code16":"211051276"},"id":"natsem_social_indicators_estimates_sa2_2016.211051276"},{"type":"Feature","properties":{"pov_rt_exc_hc_syn":11.8,"sa2_name16":"Kilsyth","inc_median_syn":1501.75,"sa2_code16":"211051277"},"id":"natsem_social_indicators_estimates_sa2_2016.211051277"},{"type":"Feature","properties":{"pov_rt_exc_hc_syn":11.9,"sa2_name16":"Lilydale - Coldstream","inc_median_syn":1664.2,"sa2_code16":"211051278"},"id":"natsem_social_indicators_estimates_sa2_2016.211051278"},{"type":"Feature","properties":{"pov_rt_exc_hc_syn":10.6,"sa2_name16":"Monbulk - Silvan","inc_median_syn":1776.7,"sa2_code16":"211051279"},"id":"natsem_social_indicators_estimates_sa2_2016.211051279"},{"type":"Feature","properties":{"pov_rt_exc_hc_syn":9.6,"sa2_name16":"Montrose","inc_median_syn":1838.39,"sa2_code16":"211051280"},"id":"natsem_social_indicators_estimates_sa2_2016.211051280"},{"type":"Feature","properties":{"pov_rt_exc_hc_syn":11.9,"sa2_name16":"Mooroolbark","inc_median_syn":1725.22,"sa2_code16":"211051281"},"id":"natsem_social_indicators_estimates_sa2_2016.211051281"},{"type":"Feature","properties":{"pov_rt_exc_hc_syn":10.6,"sa2_name16":"Mount Dandenong - Olinda","inc_median_syn":1838.39,"sa2_code16":"211051282"},"id":"natsem_social_indicators_estimates_sa2_2016.211051282"},{"type":"Feature","properties":{"pov_rt_exc_hc_syn":17.5,"sa2_name16":"Pakenham - North","inc_median_syn":1469.77,"sa2_code16":"212011291"},"id":"natsem_social_indicators_estimates_sa2_2016.212011291"},{"type":"Feature","properties":{"pov_rt_exc_hc_syn":12.0,"sa2_name16":"Mount Evelyn","inc_median_syn":1779.39,"sa2_code16":"211051283"},"id":"natsem_social_indicators_estimates_sa2_2016.211051283"},{"type":"Feature","properties":{"pov_rt_exc_hc_syn":16.6,"sa2_name16":"Endeavour Hills - South","inc_median_syn":1623.33,"sa2_code16":"212021454"},"id":"natsem_social_indicators_estimates_sa2_2016.212021454"},{"type":"Feature","properties":{"pov_rt_exc_hc_syn":16.1,"sa2_name16":"Lynbrook - Lyndhurst","inc_median_syn":1838.39,"sa2_code16":"212031306"},"id":"natsem_social_indicators_estimates_sa2_2016.212031306"},{"type":"Feature","properties":{"pov_rt_exc_hc_syn":13.1,"sa2_name16":"Pearcedale - Tooradin","inc_median_syn":1725.22,"sa2_code16":"212031308"},"id":"natsem_social_indicators_estimates_sa2_2016.212031308"},{"type":"Feature","properties":{"pov_rt_exc_hc_syn":8.2,"sa2_name16":"Upwey - Tecoma","inc_median_syn":1836.15,"sa2_code16":"211051284"},"id":"natsem_social_indicators_estimates_sa2_2016.211051284"},{"type":"Feature","properties":{"pov_rt_exc_hc_syn":12.9,"sa2_name16":"Wandin - Seville","inc_median_syn":1793.93,"sa2_code16":"211051285"},"id":"natsem_social_indicators_estimates_sa2_2016.211051285"},{"type":"Feature","properties":{"pov_rt_exc_hc_syn":17.4,"sa2_name16":"Yarra Valley","inc_median_syn":1365.18,"sa2_code16":"211051286"},"id":"natsem_social_indicators_estimates_sa2_2016.211051286"},{"type":"Feature","properties":{"pov_rt_exc_hc_syn":10.0,"sa2_name16":"Beaconsfield - Officer","inc_median_syn":1872.21,"sa2_code16":"212011287"},"id":"natsem_social_indicators_estimates_sa2_2016.212011287"},{"type":"Feature","properties":{"pov_rt_exc_hc_syn":12.5,"sa2_name16":"Bunyip - Garfield","inc_median_syn":1763.67,"sa2_code16":"212011288"},"id":"natsem_social_indicators_estimates_sa2_2016.212011288"},{"type":"Feature","properties":{"pov_rt_exc_hc_syn":11.4,"sa2_name16":"Emerald - Cockatoo","inc_median_syn":1824.58,"sa2_code16":"212011289"},"id":"natsem_social_indicators_estimates_sa2_2016.212011289"},{"type":"Feature","properties":{"pov_rt_exc_hc_syn":14.2,"sa2_name16":"Koo Wee Rup","inc_median_syn":1583.93,"sa2_code16":"212011290"},"id":"natsem_social_indicators_estimates_sa2_2016.212011290"},{"type":"Feature","properties":{"pov_rt_exc_hc_syn":16.5,"sa2_name16":"Pakenham - South","inc_median_syn":1500.35,"sa2_code16":"212011292"},"id":"natsem_social_indicators_estimates_sa2_2016.212011292"},{"type":"Feature","properties":{"pov_rt_exc_hc_syn":10.1,"sa2_name16":"Berwick - North","inc_median_syn":1793.93,"sa2_code16":"212021293"},"id":"natsem_social_indicators_estimates_sa2_2016.212021293"},{"type":"Feature","properties":{"pov_rt_exc_hc_syn":13.0,"sa2_name16":"Berwick - South","inc_median_syn":1838.39,"sa2_code16":"212021294"},"id":"natsem_social_indicators_estimates_sa2_2016.212021294"},{"type":"Feature","properties":{"pov_rt_exc_hc_syn":26.3,"sa2_name16":"Doveton","inc_median_syn":1181.71,"sa2_code16":"212021295"},"id":"natsem_social_indicators_estimates_sa2_2016.212021295"},{"type":"Feature","properties":{"pov_rt_exc_hc_syn":21.0,"sa2_name16":"Hallam","inc_median_syn":1432.1,"sa2_code16":"212021297"},"id":"natsem_social_indicators_estimates_sa2_2016.212021297"},{"type":"Feature","properties":{"pov_rt_exc_hc_syn":11.2,"sa2_name16":"Narre Warren North","inc_median_syn":2271.09,"sa2_code16":"212021299"},"id":"natsem_social_indicators_estimates_sa2_2016.212021299"},{"type":"Feature","properties":{"pov_rt_exc_hc_syn":16.2,"sa2_name16":"Endeavour Hills - North","inc_median_syn":1683.73,"sa2_code16":"212021453"},"id":"natsem_social_indicators_estimates_sa2_2016.212021453"},{"type":"Feature","properties":{"pov_rt_exc_hc_syn":13.7,"sa2_name16":"Narre Warren - North East","inc_median_syn":1731.54,"sa2_code16":"212021455"},"id":"natsem_social_indicators_estimates_sa2_2016.212021455"},{"type":"Feature","properties":{"pov_rt_exc_hc_syn":17.4,"sa2_name16":"Narre Warren - South West","inc_median_syn":1478.12,"sa2_code16":"212021456"},"id":"natsem_social_indicators_estimates_sa2_2016.212021456"},{"type":"Feature","properties":{"pov_rt_exc_hc_syn":11.0,"sa2_name16":"Narre Warren South (East)","inc_median_syn":1967.6,"sa2_code16":"212031457"},"id":"natsem_social_indicators_estimates_sa2_2016.212031457"},{"type":"Feature","properties":{"pov_rt_exc_hc_syn":17.4,"sa2_name16":"Narre Warren South (West)","inc_median_syn":1738.78,"sa2_code16":"212031458"},"id":"natsem_social_indicators_estimates_sa2_2016.212031458"},{"type":"Feature","properties":{"pov_rt_exc_hc_syn":14.0,"sa2_name16":"Clarinda - Oakleigh South","inc_median_syn":1647.24,"sa2_code16":"212041309"},"id":"natsem_social_indicators_estimates_sa2_2016.212041309"},{"type":"Feature","properties":{"pov_rt_exc_hc_syn":19.0,"sa2_name16":"Clayton South","inc_median_syn":1428.84,"sa2_code16":"212041310"},"id":"natsem_social_indicators_estimates_sa2_2016.212041310"},{"type":"Feature","properties":{"pov_rt_exc_hc_syn":24.8,"sa2_name16":"Dandenong","inc_median_syn":1300.28,"sa2_code16":"212041311"},"id":"natsem_social_indicators_estimates_sa2_2016.212041311"},{"type":"Feature","properties":{"pov_rt_exc_hc_syn":20.6,"sa2_name16":"Dandenong North","inc_median_syn":1366.31,"sa2_code16":"212041312"},"id":"natsem_social_indicators_estimates_sa2_2016.212041312"},{"type":"Feature","properties":{"pov_rt_exc_hc_syn":8.4,"sa2_name16":"Dingley Village","inc_median_syn":1838.39,"sa2_code16":"212041313"},"id":"natsem_social_indicators_estimates_sa2_2016.212041313"},{"type":"Feature","properties":{"pov_rt_exc_hc_syn":20.6,"sa2_name16":"Noble Park - East","inc_median_syn":1314.99,"sa2_code16":"212041459"},"id":"natsem_social_indicators_estimates_sa2_2016.212041459"},{"type":"Feature","properties":{"pov_rt_exc_hc_syn":17.4,"sa2_name16":"Keysborough","inc_median_syn":1776.7,"sa2_code16":"212041314"},"id":"natsem_social_indicators_estimates_sa2_2016.212041314"},{"type":"Feature","properties":{"pov_rt_exc_hc_syn":17.7,"sa2_name16":"Noble Park North","inc_median_syn":1381.59,"sa2_code16":"212041316"},"id":"natsem_social_indicators_estimates_sa2_2016.212041316"},{"type":"Feature","properties":{"pov_rt_exc_hc_syn":23.3,"sa2_name16":"Springvale","inc_median_syn":1371.12,"sa2_code16":"212041317"},"id":"natsem_social_indicators_estimates_sa2_2016.212041317"},{"type":"Feature","properties":{"pov_rt_exc_hc_syn":null,"sa2_name16":"Springvale South","inc_median_syn":null,"sa2_code16":"212041318"},"id":"natsem_social_indicators_estimates_sa2_2016.212041318"},{"type":"Feature","properties":{"pov_rt_exc_hc_syn":20.4,"sa2_name16":"Noble Park - West","inc_median_syn":1434.94,"sa2_code16":"212041460"},"id":"natsem_social_indicators_estimates_sa2_2016.212041460"},{"type":"Feature","properties":{"pov_rt_exc_hc_syn":17.0,"sa2_name16":"Ashwood - Chadstone","inc_median_syn":1731.54,"sa2_code16":"212051319"},"id":"natsem_social_indicators_estimates_sa2_2016.212051319"},{"type":"Feature","properties":{"pov_rt_exc_hc_syn":30.2,"sa2_name16":"Clayton","inc_median_syn":1310.0,"sa2_code16":"212051320"},"id":"natsem_social_indicators_estimates_sa2_2016.212051320"},{"type":"Feature","properties":{"pov_rt_exc_hc_syn":14.9,"sa2_name16":"Glen Waverley - East","inc_median_syn":1802.62,"sa2_code16":"212051321"},"id":"natsem_social_indicators_estimates_sa2_2016.212051321"},{"type":"Feature","properties":{"pov_rt_exc_hc_syn":18.5,"sa2_name16":"Glen Waverley - West","inc_median_syn":1776.7,"sa2_code16":"212051322"},"id":"natsem_social_indicators_estimates_sa2_2016.212051322"},{"type":"Feature","properties":{"pov_rt_exc_hc_syn":13.6,"sa2_name16":"Mount Waverley - North","inc_median_syn":1838.39,"sa2_code16":"212051323"},"id":"natsem_social_indicators_estimates_sa2_2016.212051323"},{"type":"Feature","properties":{"pov_rt_exc_hc_syn":12.9,"sa2_name16":"Mount Waverley - South","inc_median_syn":1834.03,"sa2_code16":"212051324"},"id":"natsem_social_indicators_estimates_sa2_2016.212051324"},{"type":"Feature","properties":{"pov_rt_exc_hc_syn":14.0,"sa2_name16":"Mulgrave","inc_median_syn":1731.54,"sa2_code16":"212051325"},"id":"natsem_social_indicators_estimates_sa2_2016.212051325"},{"type":"Feature","properties":{"pov_rt_exc_hc_syn":14.7,"sa2_name16":"Oakleigh - Huntingdale","inc_median_syn":1731.54,"sa2_code16":"212051326"},"id":"natsem_social_indicators_estimates_sa2_2016.212051326"},{"type":"Feature","properties":{"pov_rt_exc_hc_syn":11.0,"sa2_name16":"Wheelers Hill","inc_median_syn":1856.05,"sa2_code16":"212051327"},"id":"natsem_social_indicators_estimates_sa2_2016.212051327"},{"type":"Feature","properties":{"pov_rt_exc_hc_syn":20.0,"sa2_name16":"Ardeer - Albion","inc_median_syn":1313.46,"sa2_code16":"213011328"},"id":"natsem_social_indicators_estimates_sa2_2016.213011328"},{"type":"Feature","properties":{"pov_rt_exc_hc_syn":18.1,"sa2_name16":"Cairnlea","inc_median_syn":1793.93,"sa2_code16":"213011329"},"id":"natsem_social_indicators_estimates_sa2_2016.213011329"},{"type":"Feature","properties":{"pov_rt_exc_hc_syn":16.4,"sa2_name16":"Keilor Downs","inc_median_syn":1526.51,"sa2_code16":"213011332"},"id":"natsem_social_indicators_estimates_sa2_2016.213011332"},{"type":"Feature","properties":{"pov_rt_exc_hc_syn":19.2,"sa2_name16":"Deer Park - Derrimut","inc_median_syn":1526.51,"sa2_code16":"213011330"},"id":"natsem_social_indicators_estimates_sa2_2016.213011330"},{"type":"Feature","properties":{"pov_rt_exc_hc_syn":19.8,"sa2_name16":"Delahey","inc_median_syn":1459.19,"sa2_code16":"213011331"},"id":"natsem_social_indicators_estimates_sa2_2016.213011331"},{"type":"Feature","properties":{"pov_rt_exc_hc_syn":23.8,"sa2_name16":"Kings Park (Vic.)","inc_median_syn":1293.97,"sa2_code16":"213011333"},"id":"natsem_social_indicators_estimates_sa2_2016.213011333"},{"type":"Feature","properties":{"pov_rt_exc_hc_syn":24.4,"sa2_name16":"St Albans - North","inc_median_syn":1251.81,"sa2_code16":"213011334"},"id":"natsem_social_indicators_estimates_sa2_2016.213011334"},{"type":"Feature","properties":{"pov_rt_exc_hc_syn":18.0,"sa2_name16":"Altona North","inc_median_syn":1431.46,"sa2_code16":"213021343"},"id":"natsem_social_indicators_estimates_sa2_2016.213021343"},{"type":"Feature","properties":{"pov_rt_exc_hc_syn":24.3,"sa2_name16":"St Albans - South","inc_median_syn":1300.28,"sa2_code16":"213011335"},"id":"natsem_social_indicators_estimates_sa2_2016.213011335"},{"type":"Feature","properties":{"pov_rt_exc_hc_syn":21.6,"sa2_name16":"Sunshine North","inc_median_syn":1353.8,"sa2_code16":"213011337"},"id":"natsem_social_indicators_estimates_sa2_2016.213011337"},{"type":"Feature","properties":{"pov_rt_exc_hc_syn":21.0,"sa2_name16":"Sunshine","inc_median_syn":1381.59,"sa2_code16":"213011336"},"id":"natsem_social_indicators_estimates_sa2_2016.213011336"},{"type":"Feature","properties":{"pov_rt_exc_hc_syn":16.2,"sa2_name16":"Sydenham","inc_median_syn":1682.86,"sa2_code16":"213011339"},"id":"natsem_social_indicators_estimates_sa2_2016.213011339"},{"type":"Feature","properties":{"pov_rt_exc_hc_syn":21.0,"sa2_name16":"Sunshine West","inc_median_syn":1381.59,"sa2_code16":"213011338"},"id":"natsem_social_indicators_estimates_sa2_2016.213011338"},{"type":"Feature","properties":{"pov_rt_exc_hc_syn":9.6,"sa2_name16":"Taylors Lakes","inc_median_syn":1953.1,"sa2_code16":"213011340"},"id":"natsem_social_indicators_estimates_sa2_2016.213011340"},{"type":"Feature","properties":{"pov_rt_exc_hc_syn":10.9,"sa2_name16":"Altona","inc_median_syn":1683.56,"sa2_code16":"213021341"},"id":"natsem_social_indicators_estimates_sa2_2016.213021341"},{"type":"Feature","properties":{"pov_rt_exc_hc_syn":8.9,"sa2_name16":"Newport","inc_median_syn":2125.91,"sa2_code16":"213021344"},"id":"natsem_social_indicators_estimates_sa2_2016.213021344"},{"type":"Feature","properties":{"pov_rt_exc_hc_syn":13.4,"sa2_name16":"Seabrook","inc_median_syn":1758.88,"sa2_code16":"213021345"},"id":"natsem_social_indicators_estimates_sa2_2016.213021345"},{"type":"Feature","properties":{"pov_rt_exc_hc_syn":9.7,"sa2_name16":"Williamstown","inc_median_syn":2282.77,"sa2_code16":"213021346"},"id":"natsem_social_indicators_estimates_sa2_2016.213021346"},{"type":"Feature","properties":{"pov_rt_exc_hc_syn":14.8,"sa2_name16":"West Footscray - Tottenham","inc_median_syn":1670.15,"sa2_code16":"213031351"},"id":"natsem_social_indicators_estimates_sa2_2016.213031351"},{"type":"Feature","properties":{"pov_rt_exc_hc_syn":24.9,"sa2_name16":"Braybrook","inc_median_syn":1397.4,"sa2_code16":"213031347"},"id":"natsem_social_indicators_estimates_sa2_2016.213031347"},{"type":"Feature","properties":{"pov_rt_exc_hc_syn":19.7,"sa2_name16":"Footscray","inc_median_syn":1457.75,"sa2_code16":"213031348"},"id":"natsem_social_indicators_estimates_sa2_2016.213031348"},{"type":"Feature","properties":{"pov_rt_exc_hc_syn":13.4,"sa2_name16":"Maribyrnong","inc_median_syn":1829.19,"sa2_code16":"213031349"},"id":"natsem_social_indicators_estimates_sa2_2016.213031349"},{"type":"Feature","properties":{"pov_rt_exc_hc_syn":10.7,"sa2_name16":"Seddon - Kingsville","inc_median_syn":1964.03,"sa2_code16":"213031350"},"id":"natsem_social_indicators_estimates_sa2_2016.213031350"},{"type":"Feature","properties":{"pov_rt_exc_hc_syn":8.6,"sa2_name16":"Yarraville","inc_median_syn":2071.35,"sa2_code16":"213031352"},"id":"natsem_social_indicators_estimates_sa2_2016.213031352"},{"type":"Feature","properties":{"pov_rt_exc_hc_syn":13.2,"sa2_name16":"Bacchus Marsh","inc_median_syn":1637.61,"sa2_code16":"213041353"},"id":"natsem_social_indicators_estimates_sa2_2016.213041353"},{"type":"Feature","properties":{"pov_rt_exc_hc_syn":13.2,"sa2_name16":"Hillside","inc_median_syn":1836.15,"sa2_code16":"213041355"},"id":"natsem_social_indicators_estimates_sa2_2016.213041355"},{"type":"Feature","properties":{"pov_rt_exc_hc_syn":20.3,"sa2_name16":"Melton","inc_median_syn":1378.2,"sa2_code16":"213041356"},"id":"natsem_social_indicators_estimates_sa2_2016.213041356"},{"type":"Feature","properties":{"pov_rt_exc_hc_syn":18.6,"sa2_name16":"Melton South","inc_median_syn":1458.59,"sa2_code16":"213041357"},"id":"natsem_social_indicators_estimates_sa2_2016.213041357"},{"type":"Feature","properties":{"pov_rt_exc_hc_syn":18.1,"sa2_name16":"Melton West","inc_median_syn":1500.35,"sa2_code16":"213041358"},"id":"natsem_social_indicators_estimates_sa2_2016.213041358"},{"type":"Feature","properties":{"pov_rt_exc_hc_syn":null,"sa2_name16":"Rockbank - Mount Cottrell","inc_median_syn":null,"sa2_code16":"213041359"},"id":"natsem_social_indicators_estimates_sa2_2016.213041359"},{"type":"Feature","properties":{"pov_rt_exc_hc_syn":15.0,"sa2_name16":"Taylors Hill","inc_median_syn":1834.03,"sa2_code16":"213041360"},"id":"natsem_social_indicators_estimates_sa2_2016.213041360"},{"type":"Feature","properties":{"pov_rt_exc_hc_syn":16.1,"sa2_name16":"Burnside","inc_median_syn":1670.15,"sa2_code16":"213041461"},"id":"natsem_social_indicators_estimates_sa2_2016.213041461"},{"type":"Feature","properties":{"pov_rt_exc_hc_syn":17.8,"sa2_name16":"Hoppers Crossing - South","inc_median_syn":1458.59,"sa2_code16":"213051362"},"id":"natsem_social_indicators_estimates_sa2_2016.213051362"},{"type":"Feature","properties":{"pov_rt_exc_hc_syn":17.0,"sa2_name16":"Burnside Heights","inc_median_syn":1779.87,"sa2_code16":"213041462"},"id":"natsem_social_indicators_estimates_sa2_2016.213041462"},{"type":"Feature","properties":{"pov_rt_exc_hc_syn":14.6,"sa2_name16":"Caroline Springs","inc_median_syn":1813.75,"sa2_code16":"213041463"},"id":"natsem_social_indicators_estimates_sa2_2016.213041463"},{"type":"Feature","properties":{"pov_rt_exc_hc_syn":14.9,"sa2_name16":"Hoppers Crossing - North","inc_median_syn":1672.44,"sa2_code16":"213051361"},"id":"natsem_social_indicators_estimates_sa2_2016.213051361"},{"type":"Feature","properties":{"pov_rt_exc_hc_syn":16.7,"sa2_name16":"Laverton","inc_median_syn":1672.39,"sa2_code16":"213051363"},"id":"natsem_social_indicators_estimates_sa2_2016.213051363"},{"type":"Feature","properties":{"pov_rt_exc_hc_syn":16.9,"sa2_name16":"Tarneit","inc_median_syn":1738.78,"sa2_code16":"213051365"},"id":"natsem_social_indicators_estimates_sa2_2016.213051365"},{"type":"Feature","properties":{"pov_rt_exc_hc_syn":19.1,"sa2_name16":"Truganina","inc_median_syn":1712.76,"sa2_code16":"213051366"},"id":"natsem_social_indicators_estimates_sa2_2016.213051366"},{"type":"Feature","properties":{"pov_rt_exc_hc_syn":14.7,"sa2_name16":"Werribee - South","inc_median_syn":1488.0,"sa2_code16":"213051368"},"id":"natsem_social_indicators_estimates_sa2_2016.213051368"},{"type":"Feature","properties":{"pov_rt_exc_hc_syn":18.4,"sa2_name16":"Wyndham Vale","inc_median_syn":1593.97,"sa2_code16":"213051369"},"id":"natsem_social_indicators_estimates_sa2_2016.213051369"},{"type":"Feature","properties":{"pov_rt_exc_hc_syn":14.5,"sa2_name16":"Point Cook - East","inc_median_syn":2027.84,"sa2_code16":"213051464"},"id":"natsem_social_indicators_estimates_sa2_2016.213051464"},{"type":"Feature","properties":{"pov_rt_exc_hc_syn":12.7,"sa2_name16":"Point Cook - North","inc_median_syn":1866.29,"sa2_code16":"213051465"},"id":"natsem_social_indicators_estimates_sa2_2016.213051465"},{"type":"Feature","properties":{"pov_rt_exc_hc_syn":20.5,"sa2_name16":"Werribee - East","inc_median_syn":1353.8,"sa2_code16":"213051467"},"id":"natsem_social_indicators_estimates_sa2_2016.213051467"},{"type":"Feature","properties":{"pov_rt_exc_hc_syn":13.5,"sa2_name16":"Werribee - West","inc_median_syn":1660.15,"sa2_code16":"213051468"},"id":"natsem_social_indicators_estimates_sa2_2016.213051468"},{"type":"Feature","properties":{"pov_rt_exc_hc_syn":15.2,"sa2_name16":"Carrum Downs","inc_median_syn":1473.67,"sa2_code16":"214011370"},"id":"natsem_social_indicators_estimates_sa2_2016.214011370"},{"type":"Feature","properties":{"pov_rt_exc_hc_syn":19.0,"sa2_name16":"Frankston","inc_median_syn":1313.46,"sa2_code16":"214011371"},"id":"natsem_social_indicators_estimates_sa2_2016.214011371"},{"type":"Feature","properties":{"pov_rt_exc_hc_syn":null,"sa2_name16":"Frankston North","inc_median_syn":null,"sa2_code16":"214011372"},"id":"natsem_social_indicators_estimates_sa2_2016.214011372"},{"type":"Feature","properties":{"pov_rt_exc_hc_syn":9.2,"sa2_name16":"Frankston South","inc_median_syn":1834.03,"sa2_code16":"214011373"},"id":"natsem_social_indicators_estimates_sa2_2016.214011373"},{"type":"Feature","properties":{"pov_rt_exc_hc_syn":11.6,"sa2_name16":"Langwarrin","inc_median_syn":1780.9,"sa2_code16":"214011374"},"id":"natsem_social_indicators_estimates_sa2_2016.214011374"},{"type":"Feature","properties":{"pov_rt_exc_hc_syn":13.8,"sa2_name16":"Seaford (Vic.)","inc_median_syn":1415.45,"sa2_code16":"214011375"},"id":"natsem_social_indicators_estimates_sa2_2016.214011375"},{"type":"Feature","properties":{"pov_rt_exc_hc_syn":10.7,"sa2_name16":"Skye - Sandhurst","inc_median_syn":1872.21,"sa2_code16":"214011376"},"id":"natsem_social_indicators_estimates_sa2_2016.214011376"},{"type":"Feature","properties":{"pov_rt_exc_hc_syn":13.9,"sa2_name16":"Dromana","inc_median_syn":1366.31,"sa2_code16":"214021377"},"id":"natsem_social_indicators_estimates_sa2_2016.214021377"},{"type":"Feature","properties":{"pov_rt_exc_hc_syn":10.2,"sa2_name16":"Flinders","inc_median_syn":1843.04,"sa2_code16":"214021378"},"id":"natsem_social_indicators_estimates_sa2_2016.214021378"},{"type":"Feature","properties":{"pov_rt_exc_hc_syn":16.6,"sa2_name16":"Hastings - Somers","inc_median_syn":1387.92,"sa2_code16":"214021379"},"id":"natsem_social_indicators_estimates_sa2_2016.214021379"},{"type":"Feature","properties":{"pov_rt_exc_hc_syn":12.8,"sa2_name16":"Mornington","inc_median_syn":1434.94,"sa2_code16":"214021380"},"id":"natsem_social_indicators_estimates_sa2_2016.214021380"},{"type":"Feature","properties":{"pov_rt_exc_hc_syn":7.8,"sa2_name16":"Mount Eliza","inc_median_syn":2179.14,"sa2_code16":"214021381"},"id":"natsem_social_indicators_estimates_sa2_2016.214021381"},{"type":"Feature","properties":{"pov_rt_exc_hc_syn":8.9,"sa2_name16":"Mount Martha","inc_median_syn":1843.3,"sa2_code16":"214021382"},"id":"natsem_social_indicators_estimates_sa2_2016.214021382"},{"type":"Feature","properties":{"pov_rt_exc_hc_syn":15.9,"sa2_name16":"Point Nepean","inc_median_syn":1297.6,"sa2_code16":"214021383"},"id":"natsem_social_indicators_estimates_sa2_2016.214021383"},{"type":"Feature","properties":{"pov_rt_exc_hc_syn":15.9,"sa2_name16":"Rosebud - McCrae","inc_median_syn":1147.65,"sa2_code16":"214021384"},"id":"natsem_social_indicators_estimates_sa2_2016.214021384"},{"type":"Feature","properties":{"pov_rt_exc_hc_syn":11.9,"sa2_name16":"Somerville","inc_median_syn":1691.0,"sa2_code16":"214021385"},"id":"natsem_social_indicators_estimates_sa2_2016.214021385"}]}